Naam,OIN,eFacturatie,Afgiftedatum,Status
ABG - organisatie,"00000001855432950000	",Nee,23-05-2016,Actief
Agentschap SZW,"00000004000000140000	",Ja,19-07-2012,Actief
Agentschap Telecom,"00000004000000010000	",Ja,28-09-2010,Actief
Algemene Rekenkamer,"00000002815051232000	",Nee,22-10-2015,Actief
AMHK Flevoland,"00000002810358098001	",Nee,30-12-2014,Actief
AMHK Groningen,"00000002812641437001	",Nee,30-10-2014,Actief
AMHK Midden Brabant,"00000002811415454007	",Nee,30-10-2014,Actief
AMHK Noord- en Midden Limburg,"00000002801038996001	",Nee,30-12-2014,Actief
AMHK Noordoost-Brabant,"00000001811415454000	",Nee,30-10-2014,Actief
AMHK Twente,"00000002808844313001	",Nee,04-12-2014,Actief
AMHK Utrecht,"00000002002884124001	",Nee,21-11-2014,Actief
AMHK Zuid-Holland Zuid,"00000002803570442001	",Nee,27-11-2014,Actief
AMHK Zuid Limburg,"00000002801038996002	",Nee,30-12-2014,Ingetrokken
AMHK Zuidoost Brabant,"00000002811415454002	",Nee,30-10-2014,Actief
ANVS (Autoriteit Nucleaire Veiligheid en Stralingsbescherming,"00000002003214321001	",Ja,08-07-2015,Actief
Apparaatskosten Dienst Justitiële Inrichtingen Den Haag,"00000004000000086000	",Ja,19-07-2012,Actief
Atos Origin,"00000001804905587000	",Nee,28-10-2009,Ingetrokken
Autoriteit Consument & Markt,"00000004000000152000	",Ja,14-10-2013,Actief
Autoriteit Financiele Markten,"00000001008688217000	",Nee,07-10-2009,Actief
Autoriteit Persoonsgegevens,"00000004000000079000	",Ja,27-01-2012,Actief
Autoriteit Woningcorporaties,"00000001851407742001	",Nee,24-11-2015,Actief
Aviapartner B.V.,"00000001807879368000	",Nee,10-02-2011,Ingetrokken
BAR-organisatie,"00000001853051549000	",Nee,10-04-2015,Actief
Bedrijfsvoeringseenheid Bommelerwaard,"00000001856720148000	",Nee,21-12-2016,Actief
Bedrijfsvoeringsorganisatie Vijfheerenlanden,"00000001857936074000	",Nee,15-09-2017,Actief
Bedrijfsvoeringsorganisatie West Betuwe,"00000001855582303000	",Nee,11-11-2015,Actief
Belastingdienst Centrale Administratie,"00000002003214394002	",Ja,23-12-2010,Actief
Belastingdienst/Centrum voor Infrastructuur en Exploitatie,"00000002003214394001	",Nee,29-12-2008,Actief
Belastingdienst Toeslagen,"00000002003214394003	",Nee,25-03-2013,Actief
Belastingen Bollenstreek,"00000004002528381000	",Nee,25-05-2016,Actief
Belastingsamenwerking Gouwe-Rijnland,"00000001821609233000	",Nee,12-07-2013,Actief
Belastingsamenwerking Oost-Brabant,"00000001823420838000	",Nee,12-12-2014,Actief
Belasting Samenwerking voor Gemeenten en Waterschappen (BsGW),"00000001850439425000	",Nee,12-11-2014,Actief
Belastingsamenwerking West-Brabant,"00000001822948837000	",Nee,21-08-2014,Actief
BEL Combinatie,"00000001818523918000	",Nee,02-05-2016,Actief
BgHU,"00000001852712716000	",Nee,11-08-2014,Actief
BH International,"00000008821862753000	",Nee,24-08-2017,Actief
BIJ12,"00000004812578284000	",Nee,25-04-2017,Actief
BJZ Midden Brabant,"00000002811415454006	",Nee,30-10-2014,Ingetrokken
BJZ Noordoost Brabant,"00000002811415454004	",Nee,30-10-2014,Ingetrokken
BJZ West-Brabant-Oost,"00000002811415454005	",Nee,30-10-2014,Ingetrokken
BJZ West-Brabant-West,"00000002811415454003	",Nee,30-10-2014,Ingetrokken
BKWI,"00000001810237118000	",Nee,19-12-2008,Actief
BNP PARIBAS SECURITIES SERVICES,"00000008824269822000	",Nee,02-02-2017,Actief
BPR,"00000002003214345002	",Nee,09-01-2009,Ingetrokken
Brabants Historisch Informatie Centrum,"00000001813565376000	",Nee,01-06-2016,Actief
Brandweer Hollands Midden,"00000001817539347000	",Nee,04-02-2010,Actief
Brandweer Zuid Limburg,"00000001820151130000	",Nee,27-11-2012,Actief
BSR (Belastingsamenwerking Rivierenland),"00000001818730213000	",Nee,06-02-2014,Actief
Bureau Financieel Toezicht,"00000003302764670000	",Nee,14-05-2014,Actief
Bureau Jeugdzorg Limburg,"00000001801038996000	",Nee,30-10-2014,Actief
Bureau Raad voor de rechtspraak,"00000004000000076000	",Ja,12-07-2011,Actief
Bureau Zelfstandigen Fryslân,"00000004175300440000	",Nee,07-05-2018,Actief
CAK,"00000001803670114000	",Nee,09-11-2010,Actief
CenterOne Group BV,"00000003030238162000	",Nee,05-08-2011,Ingetrokken
Centraal Bureau Rijvaardigheidsbewijzen,"00000001852312398000	",Nee,25-06-2018,Actief
Centraal Bureau voor de Statistiek,"00000001812483297000	",Nee,12-03-2010,Actief
Centraal Justitieel Incassobureau,"00000004000000044000	",Ja,25-11-2010,Actief
Centraal Justitieel IncassoBureau (baten en lasten),"00000004000000157000	",Nee,29-12-2016,Actief
Centraal Orgaan opvang Asielzoekers,"00000001803660406000	",Nee,18-06-2010,Actief
Centraal Planbureau,"00000004000000018000	",Ja,03-11-2010,Actief
Centrale Raad van Beroep,"00000004000000037000	",Ja,17-10-2010,Actief
Centric Netherlands B.V,"00000001801531445000	",Nee,16-03-2010,Ingetrokken
Centrum Indicatiestelling Zorg,"00000001808296188000	",Nee,13-10-2010,Actief
CFI,"00000002003214400001	",Nee,06-01-2009,Actief
CIBG,"00000002006756402002	",Ja,30-12-2008,Actief
CIBG (Digikoppeling),"00000004123651178000	",Nee,10-07-2017,Actief
Circle Software,"00000004000000077000	",Nee,20-07-2011,Ingetrokken
CITIBANK Europe plc,"00000008824270162000	",Nee,02-02-2017,Actief
CITIBANK n/a London Branch,"00000008823478403000	",Nee,02-02-2017,Actief
Clockwork,"00000001820029336000	",Nee,27-12-2011,Ingetrokken
College ter Beoordeling van Geneesmiddelen,"00000004000000038000	",Ja,17-11-2010,Actief
College van Beroep voor het bedrijfsleven,"00000004000000049000	",Ja,30-11-2010,Actief
College voor de Rechten van de Mens,"00000004000000082000	",Ja,14-03-2012,Actief
Conclusion BV,"00000001811770400000	",Nee,26-01-2010,Ingetrokken
Cooperatie Dimpact UA,"00000001817425160000	",Nee,21-04-2010,Ingetrokken
Coöperatie Jeugd Veilig Verder U.A.,"00000001856414918000	",Nee,18-11-2016,Actief
Cornerstone Administratie en Advies B.V.,"00000003686199440000	",Nee,01-05-2018,Actief
Covast Services BV,"00000001819529357000	",Nee,02-06-2010,Ingetrokken
Dakbedekkingsbedrijf Elro B.V.,"00000003080478630000	",Ja,07-05-2018,Actief
DCMR Milieudienst Rijnmond,"00000001008588235000	",Nee,11-03-2014,Actief
DDFK Gemeenten,"00000001855344702000	",Nee,28-08-2015,Actief
De Connectie,"00000001856660012000	",Ja,27-02-2018,Actief
De Jeugd- & Gezinsbeschermers,"00000001812769740000	",Nee,29-10-2014,Actief
de Kompanjie,"00000001823258919000	",Nee,07-03-2016,Actief
De Nederlandsche Bank N.V.,"00000003330033960000	",Nee,02-10-2017,Actief
De Samenwerking Kempengemeenten,"00000001822328562000	",Nee,19-02-2016,Actief
Detentiecentrum Rotterdam,"00000004000000125000	",Ja,19-07-2012,Actief
Detentiecentrum Zeist,"00000004000000126000	",Ja,19-07-2012,Actief
Deutsche Bank Service Center Ltd Ifo Frankfurt,"00000008824331503000	",Nee,25-04-2017,Actief
Deutsche Bank Services Center Ltd Ifo Amsterdam,"00000008824265828000	",Nee,25-04-2017,Actief
Dienst Dommelvallei,"00000001852722096000	",Nee,10-11-2014,Actief
Dienst Geestelijke Verzorging Dienst Justitiële Inrichtingen Den Haag,"00000004000000129000	",Ja,19-07-2012,Actief
Dienst Gezondheid & Jeugd Zuid-Holland Zuid,"00000001851128981000	",Nee,08-12-2017,Actief
Dienst Justis,"00000004000000008000	",Ja,23-06-2010,Actief
Dienst Landelijk Gebied,"00000001822546978000	",Nee,07-06-2013,Actief
Dienst Publiek & Communicatie,"00000004000000148000	",Ja,23-10-2012,Actief
Dienst SoZaWe Noardwest Fryslan,"00000001807315436000	",Nee,11-09-2014,Actief
Dienst Uitvoering Onderwijs,"00000002800866472001	",Nee,22-12-2015,Actief
Dienst Uitvoering Onderwijs (DUO),"00000001800866472000	",Ja,08-10-2009,Actief
Dienst Vervoer en Ondersteuning Dienst Justitiële Inrichtingen,"00000004000000128000	",Ja,19-07-2012,Actief
Dienst voor het kadaster en de openbare registers,"00000001802327497000	",Nee,19-02-2009,Actief
Diergezondheidsfonds,"00000001003214369002	",Ja,12-01-2017,Actief
Differs BV,"00000001815530948000	",Nee,21-10-2010,Ingetrokken
Diginotar B.V.,"00000003341049470000	",Nee,26-08-2014,Ingetrokken
Divisie Gevangeniswezen Dienst Justitiële Inrichtingen Den Haag,"00000004000000134000	",Ja,19-07-2012,Actief
Divisie Jeugd Dienst Justitiële Inrichtingen Den Haag,"00000004000000136000	",Ja,19-07-2012,Actief
Doc-Direkt,"00000004000000074000	",Nee,11-04-2011,Actief
Domeinen Roerende Zaken,"00000004000000040000	",Ja,18-11-2010,Actief
Douane,"00000001003214394001	",Nee,08-12-2016,Actief
DUO+,"00000001854833171000	",Nee,17-04-2015,Actief
Dutch Delta Group B.V.,"00000003091967990000	",Nee,03-04-2018,Actief
Eerste Kamer der Staten-Generaal,"00000002814818316000	",Ja,02-05-2018,Actief
Enable-U BV,"00000001814771725000	",Nee,23-04-2010,Ingetrokken
EPV/DigiInkoop,"00000004000000072000	",Nee,22-11-2017,Actief
ESG de electronische signatuur B.V.,"00000001814192993000	",Nee,05-01-2011,Ingetrokken
EUROVAT S.A.S,"00000008821966273000	",Nee,13-10-2016,Actief
Exxellence Public BV,"00000001810107387000	",Nee,11-11-2010,Ingetrokken
FDE A/S,"00000008821018036000	",Nee,13-10-2016,Actief
Fiscale Eenheid Brein BV en Brein Solutions BV CS,"00000001809537540000	",Nee,15-03-2010,Ingetrokken
Fitcons Group BV,"00000001814772535000	",Nee,24-06-2010,Ingetrokken
FMHaaglanden,"00000004000000075000	",Ja,11-04-2011,Actief
Forensisch Psychiatrisch Centrum Oostvaarderskliniek,"00000004000000121000	",Ja,19-07-2012,Actief
Forensisch Psychiatrisch Centrum Veldzicht,"00000004000000120000	",Ja,19-07-2012,Actief
FUMO Regionale Uitvoeringsdienst FR,"00000001852608263000	",Nee,02-05-2013,Actief
GBLT,"00000001817397863000	",Nee,10-11-2009,Actief
Gelders Archief,"00000001811159279000	",Nee,30-03-2016,Actief
Gemeenschappelijk Dienstencentrum ICT,"00000004000000003000	",Nee,13-03-2009,Actief
Gemeenschappelijke Regeling Bedrijfsvoeringsorganisatie Delft-Rijswijk,"00000001857839160000	",Nee,13-10-2017,Actief
Gemeenschappelijke Regeling Bestuursdienst Ommen-Hardenberg,"00000001851754880000	",Nee,11-08-2014,Actief
Gemeenschappelijke Regeling Drechtsteden,"00000001817301409000	",Nee,22-12-2009,Actief
Gemeenschappelijke Regeling Ferm Werk,"00000001004981741000	",Nee,11-04-2016,Actief
Gemeenschappelijke Regeling Gemeentelijke Kredietbank Drenthe,"00000001007924641000	",Nee,08-07-2013,Actief
Gemeenschappelijke Regeling ICT-samenwerking Hoeksche Waard,"00000001853556222000	",Nee,11-08-2014,Actief
Gemeenschappelijke regeling IJsselgemeenten,"00000001854442996000	",Nee,08-08-2016,Actief
Gemeenschappelijke regeling MER,"00000001852243601000	",Nee,14-11-2013,Actief
Gemeenschappelijke Regeling Omgevingsdienst Midden- en West-Brabant,"00000001852256450000	",Nee,14-11-2014,Actief
Gemeenschappelijke Regeling Omgevingsdienst Regio Utrecht,"00000001851750126000	",Nee,05-02-2016,Actief
Gemeenschappelijke regeling Samenwerking De Bevelanden,"00000001853394179000	",Nee,07-04-2016,Actief
Gemeenschappelijke Regeling UW Samenwerking,"00000001852635758000	",Nee,11-11-2013,Actief
Gemeenschappelijke Regeling Werkplein Hart van West-Brabant,"00000001854560257000	",Nee,27-10-2016,Actief
Gemeente Aa en Hunze,"00000001806300966000	",Nee,13-12-2013,Actief
Gemeente Aalburg,"00000001002008038000	",Nee,20-06-2014,Actief
Gemeente Aalsmeer,"00000001001900675000	",Nee,30-07-2012,Actief
Gemeente Aalten,"00000001813584784000	",Nee,14-06-2013,Actief
Gemeente Achtkarspelen,"00000001001949251000	",Nee,10-05-2010,Actief
Gemeente Alblasserdam,"00000001001918412000	",Nee,21-10-2009,Actief
Gemeente Albrandswaard,"00000001006825515000	",Nee,20-08-2010,Actief
Gemeente Alkmaar,"00000001001721926000	",Nee,17-11-2010,Actief
Gemeente Almelo,"00000001001584108000	",Nee,13-02-2014,Actief
Gemeente Almere,"00000001006462583000	",Nee,23-04-2010,Actief
Gemeente Alphen aan den Rijn,"00000001001490394000	",Nee,06-02-2014,Actief
Gemeente Alphen-Chaam,"00000001805640101000	",Nee,03-10-2011,Actief
Gemeente Ameland,"00000001002017441000	",Nee,22-10-2013,Actief
Gemeente Amersfoort,"00000001002508369000	",Nee,19-08-2011,Actief
Gemeente Amstelveen,"00000001001900663000	",Nee,24-12-2010,Actief
Gemeente Amsterdam,"00000001002564440000	",Nee,29-10-2009,Actief
Gemeente Apeldoorn,"00000001001299918000	",Nee,29-06-2010,Actief
Gemeente Appingedam,"00000001001220469000	",Nee,08-06-2012,Actief
Gemeente Arnhem,"00000001001825112000	",Nee,19-07-2010,Actief
Gemeente Assen,"00000001001587936000	",Nee,14-09-2010,Actief
Gemeente Asten,"00000001001600230000	",Nee,10-07-2013,Actief
Gemeente Baarle Nassau,"00000001001172657000	",Nee,16-10-2013,Actief
Gemeente Baarn,"00000001001739657000	",Nee,18-10-2012,Actief
Gemeente Barendrecht,"00000001001876946000	",Nee,18-06-2010,Actief
Gemeente Barneveld,"00000001001831112000	",Nee,07-05-2010,Actief
Gemeente Bedum,"00000001001608204000	",Nee,10-07-2013,Actief
Gemeente Beek,"00000001001732304000	",Nee,18-05-2011,Actief
Gemeente Beemster,"00000001001801284000	",Nee,29-04-2014,Actief
Gemeente Beesel,"00000001001567548000	",Nee,13-09-2011,Actief
Gemeentebelastingen Kennemerland Zuid,"00000004000000154000	",Nee,25-10-2016,Actief
Gemeente Bellingwedde,"00000001001086017000	",Nee,01-09-2010,Ingetrokken
Gemeente Bergeijk,"00000001001902611000	",Nee,08-11-2011,Actief
Gemeente Berg en Dal,"00000001001479209000	",Nee,30-10-2013,Actief
Gemeente Bergen (L),"00000001001681047000	",Nee,23-02-2011,Actief
Gemeente Bergen (NH),"00000001809584803000	",Nee,06-11-2013,Actief
Gemeente Bergen op Zoom,"00000001001725038000	",Nee,07-10-2010,Actief
Gemeente Berkelland,"00000001813585922000	",Nee,11-08-2014,Actief
Gemeente Bernheze,"00000001001160771000	",Nee,04-04-2012,Actief
Gemeente Best,"00000001001902623000	",Nee,04-03-2010,Actief
Gemeente Beuningen,"00000001001094920000	",Nee,04-06-2013,Actief
Gemeente Beverwijk,"00000001001999266000	",Nee,14-03-2014,Actief
Gemeente Binnenmaas,"00000001816963216000	",Nee,01-03-2013,Actief
Gemeente Bladel,"00000001001902659000	",Nee,28-10-2011,Actief
Gemeente Blaricum,"00000001002794056000	",Nee,18-01-2011,Actief
Gemeente Bloemendaal,"00000001001509822000	",Nee,19-09-2013,Actief
Gemeente Boarnsterhim,"00000001006756244000	",Nee,12-01-2011,Ingetrokken
Gemeente Bodegraven-Reeuwijk,"00000001823181522000	",Nee,17-06-2013,Actief
Gemeente Boekel,"00000001001160710000	",Nee,16-05-2012,Actief
gemeente Bolsward,"00000001001609014000	",Nee,28-09-2010,Ingetrokken
Gemeente Borger-Odoorn,"00000001002119687000	",Nee,18-06-2012,Actief
Gemeente Borne,"00000001001888468000	",Nee,13-09-2010,Actief
Gemeente Borsele,"00000001001598752000	",Nee,25-11-2009,Actief
Gemeente Boxmeer,"00000001806385297000	",Nee,10-12-2013,Actief
Gemeente Boxtel,"00000001001708958000	",Nee,05-02-2013,Actief
Gemeente Breda,"00000001001336071000	",Nee,29-12-2008,Actief
Gemeente Brielle,"00000001001911193000	",Nee,17-07-2014,Actief
Gemeente Bronckhorst,"00000001813647290000	",Nee,30-05-2011,Actief
Gemeente Brummen,"00000001001046561000	",Nee,02-01-2013,Actief
Gemeente Brunssum,"00000001001733035000	",Nee,03-01-2014,Actief
Gemeente Bunnik,"00000001002691401000	",Nee,25-09-2013,Actief
Gemeente Bunschoten,"00000001002508631000	",Nee,17-02-2011,Actief
Gemeente Buren,"00000001807287684000	",Nee,17-07-2013,Actief
Gemeente Bussum,"00000001001959438000	",Nee,15-12-2011,Ingetrokken
Gemeente Capelle aan den IJssel,"00000001001877045000	",Nee,24-01-2012,Actief
Gemeente Castricum,"00000001810243428000	",Nee,28-10-2009,Actief
Gemeente Coevorden,"00000001806300917000	",Nee,31-03-2010,Actief
Gemeente Cranendonck,"00000001001902660000	",Nee,23-07-2014,Actief
Gemeente Cromstrijen,"00000001006816150000	",Nee,14-06-2010,Actief
Gemeente Cuijk,"00000001802756803000	",Nee,26-04-2013,Actief
Gemeente Culemborg,"00000001001486809000	",Nee,18-04-2014,Actief
Gemeente Dalfsen,"00000001809249108000	",Nee,09-10-2013,Actief
Gemeente Dantumadiel,"00000001001954805000	",Nee,11-11-2009,Actief
Gemeente De Bilt,"00000001002313273000	",Nee,12-01-2012,Actief
Gemeente De Fryske Marren,"00000001823770151000	",Nee,03-04-2014,Actief
Gemeente Delft,"00000001001569417000	",Nee,07-03-2011,Actief
Gemeente Delfzijl,"00000001009301914000	",Nee,30-05-2012,Actief
Gemeente De Marne,"00000001009772443000	",Nee,26-07-2012,Actief
Gemeente Den Helder,"00000001001945907000	",Nee,23-09-2009,Actief
Gemeente De Ronde Venen,"00000001823178195000	",Nee,22-08-2012,Actief
Gemeente Deurne,"00000001001600278000	",Nee,10-06-2009,Actief
Gemeente Deventer,"00000001001932469000	",Nee,25-05-2010,Actief
Gemeente De Wolden,"00000001806292222000	",Nee,22-03-2013,Actief
Gemeente Diemen,"00000001001997233000	",Nee,16-12-2013,Actief
Gemeente Dinkelland,"00000001809245206000	",Nee,23-04-2010,Actief
Gemeente Doesburg,"00000001001202728000	",Nee,31-03-2010,Actief
Gemeente Doetinchem,"00000001001202789000	",Nee,14-06-2010,Actief
Gemeente Dongen,"00000001001325978000	",Nee,11-11-2010,Actief
Gemeente Dongeradeel,"00000001006155315000	",Nee,27-09-2010,Actief
Gemeente Dordrecht,"00000001001915794000	",Nee,08-10-2009,Actief
Gemeente Drechterland,"00000001815096288000	",Nee,07-02-2011,Actief
Gemeente Drimmelen,"00000001805319141000	",Nee,23-07-2014,Actief
Gemeente Dronten,"00000001001935823000	",Nee,09-09-2010,Actief
Gemeente Druten,"00000001001100415000	",Nee,07-02-2014,Actief
Gemeente Duiven,"00000001001202546000	",Nee,15-07-2011,Actief
Gemeente Echt-Susteren,"00000001001906483000	",Nee,11-06-2013,Actief
Gemeente Edam-Volendam,"00000001001801338000	",Nee,21-06-2012,Actief
Gemeente Ede,"00000001001104524000	",Nee,13-07-2011,Actief
Gemeente Eemnes,"00000001001739712000	",Nee,04-01-2011,Actief
Gemeente Eemsmond,"00000001009787471000	",Nee,15-10-2013,Actief
Gemeente Eersel,"00000001001902684000	",Nee,08-11-2011,Actief
Gemeente Eijsden-Margraten,"00000001823143910000	",Nee,16-11-2011,Actief
Gemeente Eindhoven,"00000001001902763000	",Nee,26-05-2010,Actief
Gemeente Elburg,"00000001001831124000	",Nee,09-06-2010,Actief
Gemeente Emmen,"00000001001969316000	",Nee,24-02-2010,Actief
Gemeente Enkhuizen,"00000001001516619000	",Nee,07-10-2014,Actief
Gemeente Enschede,"00000001001589623000	",Nee,29-12-2008,Actief
Gemeente Epe,"00000001001299992000	",Nee,25-01-2013,Actief
Gemeente Ermelo,"00000001001831136000	",Nee,13-06-2012,Actief
Gemeente Etten-Leur,"00000001001326004000	",Nee,14-01-2010,Actief
Gemeente Ferwerderadiel,"00000001002017398000	",Nee,09-03-2010,Actief
Gemeente Franekeradeel,"00000001001608782000	",Nee,17-07-2014,Actief
Gemeente Gaasterlan-Sleat,"00000001001082760000	",Nee,28-09-2010,Ingetrokken
Gemeente Geertruidenberg,"00000001805319074000	",Nee,28-06-2013,Actief
Gemeente Geldermalsen,"00000001001486846000	",Nee,20-12-2013,Actief
Gemeente Geldrop-Mierlo,"00000001812613466000	",Nee,16-07-2009,Actief
Gemeente Gemert-Bakel,"00000001805516712000	",Nee,16-10-2009,Actief
Gemeente Gennep,"00000001001683032000	",Nee,07-08-2013,Actief
Gemeente Giessenlanden,"00000001007587107000	",Nee,18-07-2013,Actief
Gemeente Gilze en Rijen,"00000001001326065000	",Nee,11-03-2011,Actief
Gemeente Goedereede,"00000001001911387000	",Nee,20-02-2009,Ingetrokken
Gemeente Goeree-Overflakkee,"00000001823658727000	",Nee,30-07-2014,Actief
Gemeente Goes,"00000001001598776000	",Nee,05-08-2013,Actief
Gemeente Goirle,"00000001001172682000	",Nee,31-01-2012,Actief
Gemeente Gooise Meren,"00000001824143826000	",Nee,13-10-2015,Actief
Gemeente Gorinchem,"00000001001962577000	",Nee,22-07-2009,Actief
Gemeente Gouda,"00000001001997956000	",Nee,17-08-2010,Actief
Gemeente Grave,"00000001001522589000	",Nee,24-08-2010,Actief
Gemeente Groningen,"00000001001932809000	",Nee,17-08-2011,Actief
Gemeente Grootegast,"00000001009911339000	",Nee,12-09-2011,Actief
Gemeente Gulpen-Wittem,"00000001807385177000	",Nee,06-01-2011,Actief
Gemeente Haaksbergen,"00000001001255824000	",Nee,29-09-2010,Actief
Gemeente Haaren,"00000001804259458000	",Nee,18-12-2013,Actief
Gemeente Haarlem,"00000001001005650000	",Nee,19-03-2013,Actief
Gemeente Haarlemmerliede en Spaarnwoude,"00000001001509913000	",Nee,12-09-2011,Actief
Gemeente Haarlemmermeer,"00000001001708879000	",Nee,01-09-2009,Actief
Gemeente Halderberge,"00000001805329535000	",Nee,23-12-2013,Actief
Gemeente Hardenberg,"00000001001584157000	",Nee,17-11-2009,Actief
Gemeente Harderwijk,"00000001001831148000	",Nee,29-03-2011,Actief
Gemeente Hardinxveld-Giessendam,"00000001002008221000	",Nee,27-07-2011,Actief
Gemeente Haren,"00000001001932962000	",Nee,15-11-2011,Actief
Gemeente Harlingen,"00000001001608836000	",Nee,27-10-2010,Actief
Gemeente Hattem,"00000001001300015000	",Nee,28-12-2010,Actief
Gemeente Heemskerk,"00000001001999291000	",Nee,29-05-2013,Actief
Gemeente Heemstede,"00000001001509937000	",Nee,11-05-2011,Actief
Gemeente Heerde,"00000001001300027000	",Nee,28-12-2010,Actief
Gemeente Heerenveen,"00000001001966108000	",Nee,23-09-2010,Actief
Gemeente Heerhugowaard,"00000001001722219000	",Nee,16-11-2010,Actief
Gemeente Heerlen,"00000001001736206000	",Nee,09-07-2010,Actief
Gemeente Heeze-Leende,"00000001001902805000	",Nee,17-07-2014,Actief
Gemeente Heiloo,"00000001001722244000	",Nee,04-12-2013,Actief
Gemeente Hellendoorn,"00000001001894729000	",Nee,11-12-2009,Actief
Gemeente Hellevoetsluis,"00000001001911259000	",Nee,05-06-2014,Actief
Gemeente Helmond,"00000001001600291000	",Nee,08-03-2010,Actief
Gemeente Hendrik-Ido-Ambacht,"00000001002118907000	",Nee,08-10-2009,Actief
Gemeente Hengelo (O),"00000001001888730000	",Nee,08-08-2013,Actief
Gemeente het Bildt,"00000001001613996000	",Nee,16-12-2009,Actief
Gemeente Heumen,"00000001001096163000	",Nee,23-02-2010,Actief
Gemeente Heusden,"00000001003150677000	",Nee,06-09-2010,Actief
Gemeente Hillegom,"00000001002528265000	",Nee,17-08-2010,Actief
Gemeente Hilvarenbeek,"00000001001172694000	",Nee,06-12-2012,Actief
Gemeente Hilversum,"00000001001941914000	",Nee,11-03-2011,Actief
Gemeente Hoeksche Waard,"00000004170023623000	",Nee,22-06-2018,Actief
Gemeente Hof van Twente,"00000001809250901000	",Nee,14-03-2014,Actief
Gemeente Hollands Kroon,"00000001823495255000	",Nee,25-03-2014,Actief
Gemeente Hoogeveen,"00000001001268193000	",Nee,10-12-2013,Actief
Gemeente Hoogezand-Sappemeer,"00000001001903433000	",Nee,16-10-2013,Actief
Gemeente Hoorn,"00000001001516814000	",Nee,12-12-2011,Actief
Gemeente Horst aan de Maas,"00000001809266660000	",Nee,23-12-2013,Actief
Gemeente Houten,"00000001002313388000	",Nee,23-10-2009,Actief
Gemeente Huizen,"00000001002310612000	",Nee,30-09-2013,Actief
Gemeente Hulst,"00000001810988707000	",Nee,15-10-2013,Actief
Gemeente IJsselstein,"00000001002313832000	",Nee,16-10-2013,Actief
Gemeente Kaag en Braassem,"00000001820077811000	",Nee,12-03-2012,Actief
Gemeente Kampen,"00000001809249091000	",Nee,31-07-2014,Actief
Gemeente Kapelle,"00000001001598788000	",Nee,24-09-2010,Actief
Gemeente Katwijk,"00000001002528423000	",Nee,18-02-2011,Actief
Gemeente Kerkrade,"00000001001737223000	",Nee,29-04-2011,Actief
Gemeente Koggenland,"00000001004620768000	",Nee,25-06-2013,Actief
Gemeente Kollumerland en Nieuwkruisland,"00000001001964124000	",Nee,24-02-2010,Actief
Gemeente Korendijk,"00000001006817841000	",Nee,02-05-2011,Actief
Gemeente Krimpen aan den IJssel,"00000001001877185000	",Nee,01-11-2013,Actief
Gemeente Krimpenerwaard,"00000001823953026000	",Nee,09-12-2014,Actief
Gemeente Laarbeek,"00000001805598960000	",Nee,02-06-2014,Actief
Gemeente Landerd,"00000001802409180000	",Nee,14-07-2011,Actief
Gemeente Landgraaf,"00000001005560500000	",Nee,15-10-2013,Actief
Gemeente Landsmeer,"00000001001801491000	",Nee,06-01-2011,Actief
Gemeente Langedijk,"00000001001722311000	",Nee,26-11-2010,Actief
Gemeente Lansingerland,"00000001817291295000	",Nee,31-08-2009,Actief
Gemeente Laren,"00000001002310594000	",Nee,06-01-2011,Actief
Gemeente Leek,"00000001001608320000	",Nee,10-11-2009,Actief
Gemeente Leerdam,"00000001002008269000	",Nee,19-07-2013,Actief
Gemeente Leeuwarden,"00000001001903664000	",Nee,25-05-2009,Actief
Gemeente Leeuwarderadeel,"00000001001612359000	",Nee,11-12-2009,Actief
Gemeente Leiden,"00000001002311112000	",Nee,22-02-2013,Actief
Gemeente Leiderdorp,"00000001001797724000	",Nee,11-10-2013,Actief
Gemeente Leidschendam-Voorburg,"00000001810208891000	",Nee,12-02-2013,Actief
Gemeente Lelystad,"00000001005024249000	",Nee,20-12-2013,Actief
Gemeente Lemsterland,"00000001002072063000	",Nee,23-09-2010,Ingetrokken
Gemeente Leudal,"00000001816963228000	",Nee,30-05-2013,Actief
Gemeente Leusden,"00000001002508667000	",Nee,17-03-2014,Actief
Gemeentelijk Belastingkantoor Twente,"00000001819754444000	",Nee,01-11-2012,Actief
Gemeente Lingewaal,"00000001001486998000	",Nee,22-10-2013,Actief
Gemeente Lingewaard,"00000001809255832000	",Nee,19-10-2009,Actief
Gemeente Lisse,"00000001002528198000	",Nee,22-12-2011,Actief
Gemeente Littenseradiel,"00000001006613755000	",Nee,28-09-2010,Actief
Gemeente Lochem,"00000001813647320000	",Nee,15-07-2010,Actief
Gemeente Loon op Zand,"00000001003067841000	",Nee,12-03-2010,Actief
Gemeente Lopik,"00000001002313455000	",Nee,25-09-2014,Actief
Gemeente Loppersum,"00000001009962475000	",Nee,13-06-2012,Actief
Gemeente Losser,"00000001001255836000	",Nee,25-07-2011,Actief
Gemeente Maarssen,"00000001001703894000	",Nee,13-08-2010,Ingetrokken
Gemeente Maasdonk,"00000001001160746000	",Nee,18-10-2012,Actief
Gemeente Maasdriel,"00000001807286953000	",Nee,21-09-2010,Actief
Gemeente Maasgouw,"00000001816963253000	",Nee,21-06-2010,Actief
Gemeente Maassluis,"00000001001320257000	",Nee,29-08-2011,Actief
Gemeente Maastricht,"00000001001737442000	",Nee,16-06-2010,Actief
Gemeente Marum,"00000001001608290000	",Nee,24-10-2011,Actief
Gemeente Medemblik,"00000001001516826000	",Nee,18-11-2010,Actief
Gemeente Meerssen,"00000001001910693000	",Nee,31-10-2013,Actief
Gemeente Meierijstad,"00000001856673213000	",Nee,06-10-2016,Actief
Gemeente Menameradiel,"00000001001612943000	",Nee,10-12-2009,Actief
Gemeente Menterwolde,"00000001009695898000	",Nee,26-08-2010,Actief
Gemeente Meppel,"00000001806299046000	",Nee,24-09-2010,Actief
Gemeente Middelburg,"00000001002128032000	",Nee,31-07-2013,Actief
Gemeente Midden-Delfland,"00000001812579410000	",Nee,21-12-2011,Actief
Gemeente Midden-Drenthe,"00000001806300449000	",Nee,20-06-2013,Actief
Gemeente Midden-Groningen,"00000001825561383000	",Nee,02-01-2018,Actief
Gemeente Midden-Groningen IO,"00000004117437765000	",Nee,14-11-2017,Actief
Gemeente Mill en Sint Hubert,"00000001001160813000	",Nee,17-06-2014,Actief
Gemeente Millingen,"00000001001096849000	",Nee,25-10-2013,Ingetrokken
Gemeente Moerdijk,"00000001805329316000	",Nee,21-03-2013,Actief
Gemeente Molenwaard,"00000001823648552000	",Nee,13-11-2012,Actief
Gemeente Montferland,"00000001813585879000	",Nee,28-12-2010,Actief
Gemeente Montfoort,"00000001001721628000	",Nee,02-12-2013,Actief
Gemeente Mook en Middelaar,"00000001001683731000	",Nee,10-07-2013,Actief
Gemeente Muiden,"00000001001997324000	",Nee,22-10-2013,Ingetrokken
Gemeente Naarden,"00000001001997397000	",Nee,27-10-2009,Ingetrokken
Gemeente Neder-Betuwe,"00000001810162593000	",Nee,02-04-2014,Actief
Gemeente Nederweert,"00000001001113896000	",Nee,13-03-2014,Actief
Gemeente Neerijnen,"00000001004190105000	",Nee,01-07-2013,Actief
Gemeente Niedorp,"00000001001808023000	",Nee,13-08-2010,Ingetrokken
Gemeente Nieuwegein,"00000001002313546000	",Nee,14-05-2014,Actief
Gemeente Nieuwkoop,"00000001816172638000	",Nee,04-11-2011,Actief
Gemeente Nijefurd,"00000001006613767000	",Nee,23-09-2010,Ingetrokken
Gemeente Nijkerk,"00000001001831197000	",Nee,23-07-2014,Actief
Gemeente Nijmegen,"00000001001479179000	",Nee,25-11-2009,Actief
Gemeente Nissewaard,"00000001823890478000	",Nee,26-11-2014,Actief
Gemeente Noardeast-Fryslân,"00000004114847980000	",Nee,06-04-2018,Actief
Gemeente Noord-Beveland,"00000001803093007000	",Nee,27-02-2013,Actief
Gemeente Noordenveld,"00000001806300619000	",Nee,11-06-2012,Actief
Gemeente Noordoostpolder,"00000001001891984000	",Nee,02-10-2009,Actief
Gemeente Noordwijk,"00000001002528381000	",Nee,30-09-2013,Actief
Gemeente Noordwijkerhout,"00000001002528319000	",Nee,22-10-2013,Actief
"Gemeente Nuenen, Gerwen en Nederwetten","00000001001902854000	",Nee,20-12-2013,Actief
Gemeente Nunspeet,"00000001001831185000	",Nee,22-02-2011,Actief
Gemeente Nuth,"00000001001729469000	",Nee,02-02-2012,Actief
Gemeente Oegstgeest,"00000001001797840000	",Nee,03-07-2013,Actief
Gemeente Oirschot,"00000001001172724000	",Nee,28-10-2011,Actief
Gemeente Oisterwijk,"00000001001172736000	",Nee,25-11-2013,Actief
Gemeente Oldambt,"00000001821479490000	",Nee,20-09-2010,Actief
Gemeente Oldebroek,"00000001001831203000	",Nee,28-10-2010,Actief
Gemeente Oldenzaal,"00000001001255861000	",Nee,20-08-2009,Actief
Gemeente Olst-Wijhe,"00000001001932603000	",Nee,03-06-2014,Actief
Gemeente Ommen,"00000001001892022000	",Nee,08-11-2013,Actief
Gemeente Onderbanken,"00000001001730812000	",Nee,19-06-2014,Actief
Gemeente Oosterhout,"00000001001326132000	",Nee,05-06-2012,Actief
Gemeente Oost Gelre,"00000001813586008000	",Nee,25-10-2010,Actief
Gemeente Ooststellingwerf,"00000001002017891000	",Nee,18-11-2011,Actief
Gemeente Oostzaan,"00000001002014294000	",Nee,24-08-2012,Actief
Gemeente Opmeer,"00000001001516905000	",Nee,22-03-2013,Actief
Gemeente Opsterland,"00000001001950149000	",Nee,21-01-2011,Actief
Gemeente Oss,"00000001001160849000	",Nee,15-11-2012,Actief
Gemeente Oud-Beijerland,"00000001001877367000	",Nee,20-05-2014,Actief
Gemeente Oude IJsselstreek,"00000001813587219000	",Nee,20-07-2011,Actief
Gemeente Ouder-Amstel,"00000001001900687000	",Nee,21-02-2011,Actief
Gemeente Oudewater,"00000001001721689000	",Nee,12-03-2013,Actief
Gemeente Overbetuwe,"00000001809032375000	",Nee,30-06-2009,Actief
Gemeente Papendrecht,"00000001001919775000	",Nee,08-10-2009,Actief
Gemeente Peel en Maas,"00000001821535821000	",Nee,18-07-2013,Actief
Gemeente Pekela,"00000001800115880000	",Nee,08-09-2010,Actief
Gemeente Pijnacker-Nootdorp,"00000001810258997000	",Nee,30-07-2012,Actief
Gemeente Purmerend,"00000001001801582000	",Nee,17-12-2013,Actief
Gemeente Putten,"00000001001831227000	",Nee,15-11-2010,Actief
Gemeente Raalte,"00000001809249145000	",Nee,28-05-2014,Actief
Gemeente Reimerswaal,"00000001001598843000	",Nee,17-08-2012,Actief
Gemeente Renkum,"00000001001202698000	",Nee,25-11-2013,Actief
Gemeente Renswoude,"00000001001104512000	",Nee,15-10-2013,Actief
Gemeente Reusel-De Mierden,"00000001001902866000	",Nee,28-10-2011,Actief
Gemeente Rheden,"00000001001202637000	",Nee,05-01-2010,Actief
Gemeente Rhenen,"00000001001104500000	",Nee,07-05-2014,Actief
Gemeente Ridderkerk,"00000001001877410000	",Nee,26-08-2010,Actief
Gemeente Rijnwaarden,"00000001007326117000	",Nee,17-02-2012,Actief
Gemeente Rijnwoude,"00000001009815855000	",Nee,26-06-2012,Actief
Gemeente Rijssen-Holten,"00000001001584169000	",Nee,24-02-2010,Actief
Gemeente Rijswijk,"00000001001527812000	",Nee,08-12-2009,Actief
Gemeente Roerdalen,"00000001816963265000	",Nee,23-08-2012,Actief
Gemeente Roermond,"00000001816963186000	",Nee,02-10-2009,Actief
Gemeente Roosendaal,"00000001001522644000	",Nee,13-12-2011,Actief
Gemeente Rotterdam,"00000001001876387000	",Nee,16-02-2009,Actief
Gemeente Rozendaal,"00000001001202662000	",Nee,08-02-2010,Actief
Gemeente Rucphen,"00000001001522668000	",Nee,31-12-2013,Actief
Gemeente Schagen,"00000001001808035000	",Nee,17-08-2010,Actief
Gemeente Scherpenzeel,"00000001001104469000	",Nee,15-01-2014,Actief
Gemeente Schiedam,"00000001002539780000	",Nee,18-06-2013,Actief
Gemeente Schiermonnikoog,"00000001002017428000	",Nee,28-11-2013,Actief
Gemeente Schijndel,"00000001001709239000	",Nee,03-11-2009,Actief
Gemeente Schinnen,"00000001001730472000	",Nee,03-01-2014,Actief
Gemeente Schouwen-Duiveland,"00000001805237501000	",Nee,23-04-2010,Actief
Gemeente 's-Gravenhage,"00000001002308836000	",Nee,27-03-2009,Actief
Gemeente 's-Hertogenbosch,"00000001001709124000	",Nee,06-05-2009,Actief
Gemeente Simpelveld,"00000001001737168000	",Nee,25-10-2010,Actief
Gemeente Sint Anthonis,"00000001802351724000	",Nee,10-12-2013,Actief
Gemeente Sint-Michielsgestel,"00000001001709197000	",Nee,18-12-2013,Actief
Gemeente Sint-Oedenrode,"00000001001709215000	",Nee,19-12-2013,Actief
Gemeente Sittard-Geleen,"00000001001906562000	",Nee,06-06-2013,Actief
Gemeente Skarsterl�,"00000001006632439000	",Nee,20-07-2011,Ingetrokken
Gemeente Sliedrecht,"00000001001921265000	",Nee,16-10-2009,Actief
Gemeente Slochteren,"00000001001903548000	",Nee,24-09-2010,Actief
Gemeente Sluis,"00000001811046321000	",Nee,10-12-2013,Actief
Gemeente Smallingerland,"00000001001022799000	",Nee,10-07-2013,Actief
Gemeente Soest,"00000001001739682000	",Nee,01-02-2013,Actief
Gemeente Someren,"00000001001600345000	",Nee,13-10-2009,Actief
Gemeente Son en Breugel,"00000001001902921000	",Nee,28-11-2013,Actief
Gemeente Spijkenisse,"00000001001911302000	",Nee,07-09-2010,Ingetrokken
Gemeente Stadskanaal,"00000001001374564000	",Nee,14-10-2014,Actief
Gemeente Staphorst,"00000001001274739000	",Nee,04-03-2013,Actief
Gemeente Stede Broec,"00000001004620732000	",Nee,20-06-2014,Actief
Gemeente Steenbergen,"00000001805329419000	",Nee,12-08-2010,Actief
Gemeente Steenwijkerland,"00000001809249066000	",Nee,15-09-2011,Actief
Gemeente Stein,"00000001001731105000	",Nee,08-11-2013,Actief
Gemeente Stichtse Vecht,"00000001823214527000	",Nee,25-11-2014,Actief
Gemeente Strijen,"00000001001877422000	",Nee,01-04-2010,Actief
Gemeente Súdwest-Fryslân,"00000001823288444000	",Nee,10-05-2011,Actief
Gemeente Ten Boer,"00000001001220615000	",Nee,20-05-2014,Actief
Gemeente Terneuzen,"00000001810965148000	",Nee,08-12-2011,Actief
Gemeente Terschelling,"00000001001608861000	",Nee,14-11-2013,Actief
Gemeente Texel,"00000001002000155000	",Nee,06-06-2012,Actief
Gemeente Teylingen,"00000001814927233000	",Nee,02-12-2013,Actief
Gemeente Tholen,"00000001001726006000	",Nee,25-06-2013,Actief
Gemeente Tiel,"00000001001101857000	",Nee,13-10-2014,Actief
Gemeente Tilburg,"00000001001172773000	",Nee,09-03-2010,Actief
Gemeente Tubbergen,"00000001002172859000	",Nee,13-10-2010,Actief
Gemeente Twenterand,"00000001001584170000	",Nee,26-01-2011,Actief
Gemeente Tynaarlo,"00000001806298649000	",Nee,10-05-2010,Actief
Gemeente Tytsjerksteradiel,"00000001001905776000	",Nee,10-05-2010,Actief
Gemeente Ubbergen,"00000001001096837000	",Nee,24-10-2013,Ingetrokken
Gemeente Uden,"00000001001160928000	",Nee,20-03-2014,Actief
Gemeente Uitgeest,"00000001001999321000	",Nee,30-10-2013,Actief
Gemeente Uithoorn,"00000001001900651000	",Nee,17-07-2013,Actief
Gemeente Urk,"00000001001892009000	",Nee,12-06-2014,Actief
Gemeente Utrecht,"00000001002220647000	",Nee,13-07-2012,Actief
Gemeente Utrechtse Heuvelrug,"00000001814994386000	",Nee,21-06-2013,Actief
Gemeente Vaals,"00000001001737211000	",Nee,30-10-2013,Actief
Gemeente Valkenburg aan de Geul,"00000001001910760000	",Nee,01-11-2013,Actief
Gemeente Valkenswaard,"00000001001902933000	",Nee,28-02-2011,Actief
Gemeente Veendam,"00000001001374527000	",Nee,08-10-2010,Actief
Gemeente Veenendaal,"00000001001104470000	",Nee,22-01-2013,Actief
Gemeente Veere,"00000001805307631000	",Nee,24-01-2011,Actief
Gemeente Veghel,"00000001001160953000	",Nee,27-09-2010,Actief
Gemeente Veldhoven,"00000001001902957000	",Nee,24-06-2013,Actief
Gemeente Velsen,"00000001002587439000	",Nee,29-06-2010,Actief
Gemeente Venlo,"00000001001567834000	",Nee,21-07-2010,Actief
Gemeente Venray,"00000001001567731000	",Nee,12-01-2012,Actief
Gemeente Vianen,"00000001062000561000	",Nee,02-05-2013,Actief
Gemeente Vlaardingen,"00000001001320270000	",Nee,11-11-2009,Actief
Gemeente Vlagtwedde,"00000001001374588000	",Nee,08-01-2014,Ingetrokken
Gemeente Vlieland,"00000001001608885000	",Nee,31-10-2013,Actief
Gemeente Vlissingen,"00000001001710369000	",Nee,12-02-2014,Actief
Gemeente Voerendaal,"00000001001731361000	",Nee,07-09-2010,Actief
Gemeente Voorschoten,"00000001001797621000	",Nee,01-09-2010,Actief
Gemeente Voorst,"00000001001299967000	",Nee,11-06-2012,Actief
Gemeente Vught,"00000001001709240000	",Nee,23-04-2013,Actief
Gemeente Waadhoeke,"00000001825581345000	",Nee,12-01-2018,Actief
Gemeente Waadhoeke IO,"00000004132452190000	",Nee,02-11-2017,Actief
Gemeente Waalre,"00000001001902982000	",Nee,15-05-2013,Actief
Gemeente Waalwijk,"00000001003067889000	",Nee,15-10-2013,Actief
Gemeente Waddinxveen,"00000001001998389000	",Nee,25-11-2013,Actief
Gemeente Wageningen,"00000001001104536000	",Nee,10-07-2014,Actief
Gemeente Wassenaar,"00000001001527903000	",Nee,06-03-2014,Actief
Gemeente Waterland,"00000001008340560000	",Nee,30-11-2010,Actief
Gemeente Weert,"00000001001116046000	",Nee,18-07-2013,Actief
Gemeente Weesp,"00000001001997634000	",Nee,03-02-2014,Actief
Gemeente Werkendam,"00000001805314714000	",Nee,14-10-2011,Actief
Gemeente Westerveld,"00000001806298844000	",Nee,18-10-2012,Actief
Gemeente Westervoort,"00000001001202601000	",Nee,19-12-2013,Actief
Gemeente Westerwolde,"00000001825559637000	",Ja,13-03-2018,Actief
Gemeente Westerwolde,"00000004150725058000	",Nee,22-09-2017,Actief
Gemeente Westland,"00000001812579446000	",Nee,23-10-2012,Actief
Gemeente West Maas en Waal,"00000001001103465000	",Nee,23-07-2014,Actief
Gemeente Weststellingwerf,"00000001002072117000	",Nee,14-10-2010,Actief
Gemeente Westvoorne,"00000001004999459000	",Nee,23-07-2014,Actief
Gemeente Wierden,"00000001001584182000	",Nee,06-03-2013,Actief
Gemeente Wijchen,"00000001001096874000	",Nee,17-11-2009,Actief
Gemeente Wijdemeren,"00000001810115013000	",Nee,30-10-2013,Actief
Gemeente Wijk bij Duurstede,"00000001002691760000	",Nee,30-09-2013,Actief
Gemeente Winsum,"00000001009845057000	",Nee,04-07-2013,Actief
Gemeente Winterswijk,"00000001001974658000	",Nee,08-03-2011,Actief
Gemeente Woensdrecht,"00000001805329456000	",Nee,20-03-2014,Actief
Gemeente Woerden,"00000001001721860000	",Nee,24-04-2013,Actief
Gemeente Wormerland,"00000001009352181000	",Nee,24-08-2012,Actief
Gemeente Woudenberg,"00000001002508679000	",Nee,23-07-2014,Actief
Gemeente Woudrichem,"00000001002707718000	",Nee,18-07-2013,Actief
Gemeente Wunseradiel,"00000001001609166000	",Nee,22-09-2010,Ingetrokken
Gemeente Zaanstad,"00000001003148889000	",Nee,10-01-2012,Actief
Gemeente Zaltbommel,"00000001807288111000	",Nee,29-09-2010,Actief
Gemeente Zandvoort,"00000001001509962000	",Nee,03-01-2013,Actief
Gemeente Zederik,"00000001007589827000	",Nee,27-04-2010,Actief
Gemeente Zeevang,"00000001001801697000	",Nee,30-10-2013,Ingetrokken
Gemeente Zeewolde,"00000001006462455000	",Nee,19-12-2013,Actief
Gemeente Zeist,"00000001002692016000	",Nee,27-01-2012,Actief
Gemeente Zevenaar,"00000001001202649000	",Nee,23-01-2014,Actief
Gemeente Zijpe,"00000001001808072000	",Nee,17-08-2010,Ingetrokken
Gemeente Zoetermeer,"00000001001527927000	",Nee,26-08-2010,Actief
Gemeente Zoeterwoude,"00000001001797839000	",Nee,22-10-2013,Actief
Gemeente Zuidhorn,"00000001009687099000	",Nee,07-02-2011,Actief
Gemeente Zuidplas,"00000001821515160000	",Nee,20-07-2011,Actief
Gemeente Zundert,"00000001805329468000	",Nee,20-04-2012,Actief
Gemeente Zutphen,"00000001813584620000	",Nee,03-07-2013,Actief
Gemeente Zwartewaterland,"00000001809249182000	",Nee,10-06-2013,Actief
Gemeente Zwijndrecht,"00000001002118890000	",Nee,08-10-2009,Actief
Gemeente Zwolle,"00000001001900249000	",Nee,22-12-2008,Actief
gem Gooise Meren,"01234567890123456789	",Nee,14-10-2015,Ingetrokken
Gemnet,"00000001802990162000	",Nee,06-11-2009,Ingetrokken
Geneeskundige en Gezondheidsdienst Amsterdam,"00000004171236059000	",Nee,19-09-2017,Actief
Geneeskundige Gezondheidsdienst Zuid Limburg,"00000001816994055000	",Nee,04-12-2014,Actief
Genetics,"00000001811467892000	",Nee,23-02-2010,Ingetrokken
Gerechtshof Amsterdam,"00000004000000046000	",Ja,29-11-2010,Actief
Gerechtshof Arnhem,"00000004000000064000	",Nee,29-12-2010,Ingetrokken
Gerechtshof Arnhem Leeuwarden,"00000004000000147000	",Ja,25-07-2012,Actief
Gerechtshof Den Haag,"00000004000000056000	",Ja,13-12-2010,Actief
Gerechtshof Leeuwarden,"00000004000000068000	",Nee,21-12-2010,Ingetrokken
Gerechtshof 's-Hertogenbosch,"00000004000000036000	",Ja,15-11-2010,Actief
Getronics Nederland B.V.,"00000003341158450000	",Nee,26-08-2014,Ingetrokken
GGD Amsterdam,"00000002002564440001	",Nee,29-12-2014,Actief
GGD Brabant Zuidoost,"00000001812723703000	",Nee,10-08-2011,Actief
GGD Hollands Noorden,"00000001817205767000	",Nee,22-12-2014,Actief
GGD Zaanstreek Waterland,"00000001807360430000	",Nee,29-12-2014,Actief
GGD Zeeland,"00000001006073207000	",Nee,22-12-2014,Actief
GI Drenthe,"00000001813850782000	",Nee,29-10-2014,Actief
GI Groningen,"00000001812641437000	",Nee,30-10-2014,Actief
GI Jeugdzorg Nederland,"00000001850133233000	",Nee,07-11-2014,Actief
GI Leger des Heils,"00000001815095120000	",Nee,30-10-2014,Actief
GI Overijssel,"00000001808844313000	",Nee,30-10-2014,Actief
Global Middleware Consultancy BV,"00000001809073572000	",Nee,08-09-2010,Ingetrokken
GLOBETAX,"00000008824270071000	",Nee,27-01-2017,Actief
GLOBETAX - BNYM,"00000008824270034000	",Nee,02-02-2017,Actief
GLOBETAX - Citi,"00000008824269948000	",Nee,02-02-2017,Ingetrokken
GLOBETAX - Citi,"00000008824269949000	",Nee,21-08-2017,Actief
GLOBETAX - Deutsche Bank,"00000008824269986000	",Nee,31-01-2017,Actief
GLOBETAX - JPMorgan,"00000008824269925000	",Nee,30-01-2017,Actief
Golzari IT-Consultancy,"00000001014248025000	",Nee,22-03-2010,Ingetrokken
GR Cocensus,"00000001817660665000	",Nee,23-04-2015,Actief
Grid NV.,"00000001853741256000	",Nee,27-01-2015,Actief
HaskoningDHV Nederland B.V.,"00000001852164087000	",Nee,28-12-2016,Actief
Hefpunt,"00000001818374925000	",Nee,30-05-2013,Actief
Het Gegevenshuis,"00000001855370944000	",Nee,02-11-2015,Actief
Het Utrechts Archief,"00000001807024594000	",Nee,13-01-2015,Actief
Het Waterschapshuis,"00000001852259190000	",Nee,04-03-2013,Actief
Historisch Centrum Overijssel,"00000001809485072000	",Nee,01-06-2016,Actief
Hoge Raad der Nederlanden,"00000004000000009000	",Ja,04-08-2010,Actief
Hoofdkantoor Dienst Justitiële Inrichtingen Den Haag,"00000004000000085000	",Ja,19-07-2012,Actief
Hoogheemraadschap De Stichtse Rijnlanden,"00000001802139097000	",Nee,01-08-2013,Actief
Hoogheemraadschap Hollands Noorderkwartier,"00000001811336487000	",Nee,23-12-2014,Actief
Hoogheemraadschap van Delfland,"00000001001569739000	",Nee,24-02-2014,Actief
Hoogheemraadschap van Rijnland,"00000001813766928000	",Nee,25-02-2014,Actief
Hoogheemraadschap van Schieland en de Krimpenerwaard,"00000001813648762000	",Nee,27-03-2014,Actief
Huurcommissie,"00000004000000061000	",Ja,22-12-2010,Actief
Immigratie en Naturalisatie Dienst,"00000004000000012000	",Ja,06-10-2010,Actief
infobox Crimineel & Onverklaarbaar Vermogen,"00000004003214394000	",Nee,17-08-2016,Actief
Informer Online Nederland B.V.,"00000003633889280000	",Nee,26-01-2018,Actief
Inkoopbureau H-10,"00000001854773976000	",Nee,20-02-2015,Actief
Inspectie Leefomgeving en Transport,"00000004000000005000	",Nee,19-11-2009,Ingetrokken
Inspectie Leefomgeving en Transport (ILT),"00000001851407742000	",Ja,20-04-2015,Actief
Inspectie SZW,"00000004000000021000	",Nee,09-11-2010,Actief
Inspectie van het Onderwijs,"00000004003214400000	",Nee,02-06-2016,Actief
Inspectie voor de Gezondheidszorg (IGZ),"00000004003182447002	",Nee,18-07-2016,Actief
Instituut Fysieke Veiligheid,"00000001823644510000	",Nee,10-12-2013,Actief
Inter Access BV,"00000001005030651000	",Nee,16-04-2010,Ingetrokken
Intergemeentelijke Sociale Dienst (ISD) Bollenstreek,"00000001810562376000	",Nee,06-06-2017,Actief
Intergemeentelijke Sociale Dienst Noordenkwartier,"00000001813654336000	",Nee,13-10-2016,Actief
ISD BOL,"00000001817940376000	",Nee,17-03-2017,Actief
ISD Kompas,"00000001810794652000	",Nee,27-08-2014,Actief
ISD Noordoost,"00000001815100553000	",Nee,26-06-2012,Actief
ISGO,"00000001802225731000	",Nee,06-10-2009,Actief
Jeugdbescherming Gelderland,"00000001802611266000	",Nee,30-10-2014,Actief
Jeugdbescherming regio Amsterdam,"00000001812716917000	",Nee,30-10-2014,Actief
Jeugdbescherming Rotterdam Rijnmond,"00000001811215878000	",Nee,29-12-2008,Actief
Jeugdbescherming West,"00000001803570442000	",Nee,30-10-2014,Actief
JNet BV,"00000001807390057000	",Nee,21-01-2010,Ingetrokken
"JPMorgan Chase Bank, N.A. CIB Tax Operations","00000008824269809000	",Nee,02-02-2017,Actief
Justitieel Complex Alphen aan den Rijn,"00000004000000090000	",Ja,19-07-2012,Actief
Justitieel Complex Schiphol,"00000004000000124000	",Ja,19-07-2012,Actief
Justitieel Complex Zaanstad,"00000004000000153000	",Ja,24-06-2016,Actief
Justitiële Informatiedienst - CIOT,"00000001003214436001	",Nee,23-09-2015,Actief
Justitiële Informatiedienst - TRIP,"00000001003214436002	",Nee,05-10-2015,Actief
Justitiële Inrichting Caribisch Nederland,"00000004000000122000	",Ja,19-07-2012,Actief
Justiti�le Informatiedienst,"00000004000000002000	",Ja,18-02-2009,Actief
K5 Gemeenten,"00000001817730734000	",Nee,29-01-2014,Actief
Kadera aanpak huiselijk geweld,"00000001809400200000	",Nee,03-12-2014,Actief
Kamer van Koophandel Nederland,"00000001006033404000	",Nee,28-04-2010,Actief
Koninklijke Marechaussee (KMAR),"00000004008078452000	",Nee,07-07-2016,Actief
Koninklijke Notariele Beroepsorganisatie,"00000001002309592000	",Nee,20-07-2012,Actief
Koninklijk Nederlands Meteorologisch Instituut,"00000001821693992000	",Ja,04-06-2015,Actief
Kroondomein Het Loo,"00000002001202492000	",Nee,02-03-2017,Actief
Kwaliteitsinstituut Nederlandse Gemeenten,"00000001821002193000	",Nee,12-03-2013,Actief
Landelijk Dienstencentrum voor de Rechtspraak,"00000003273808340000	",Ja,23-07-2014,Actief
Landelijke Infrastructuur rechtspraak LIR,"00000004000000048000	",Nee,30-11-2010,Ingetrokken
Landelijk Meldpunt Afvalstoffen,"00000001802767448000	",Nee,03-07-2013,Actief
LBIO,"00000001814869233000	",Nee,23-10-2009,Actief
Lerarenregister,"00000004169748273000	",Nee,21-06-2018,Actief
LOCUS Technology B.V.,"00000003699493950000	",Ja,16-11-2017,Actief
Logica Nederland BV,"00000001001620952000	",Nee,13-11-2009,Ingetrokken
Logius,"00000001822477348000	",Nee,25-04-2016,Actief
Logius (Berichtenvoorziening),"00000002822477348005	",Nee,26-01-2017,Actief
Logius (BRP Connector),"00000004136282840000	",Nee,24-08-2017,Actief
Logius (BSNk 1),"00000004822477348001	",Nee,24-05-2017,Actief
Logius (BSNk 10),"00000004148874968000	",Nee,06-10-2017,Actief
Logius (BSNk 11),"00000004150551849000	",Nee,29-03-2018,Actief
Logius (BSNk 2),"00000004822477348002	",Nee,24-05-2017,Actief
Logius (BSNk 3),"00000004822477348003	",Nee,24-05-2017,Actief
Logius (BSNk 4),"00000004822477348004	",Nee,24-05-2017,Actief
Logius (BSNk 5),"00000004161393695000	",Nee,06-10-2017,Actief
Logius (BSNk 6),"00000004170959008000	",Nee,06-10-2017,Actief
Logius (BSNk 7),"00000004190673750000	",Nee,06-10-2017,Actief
Logius (BSNk 8),"00000004143241814000	",Nee,06-10-2017,Actief
Logius (BSNk 9),"00000004126444297000	",Nee,06-10-2017,Actief
Logius (CV),"00000002822477348004	",Nee,25-04-2016,Actief
Logius (DH 01),"00000004160991235000	",Nee,30-11-2017,Actief
Logius (DH 02),"00000004149156259000	",Nee,30-11-2017,Actief
Logius (DH 03),"00000004156772285000	",Nee,30-11-2017,Actief
Logius (DH 04),"00000004155802034000	",Nee,30-11-2017,Actief
Logius (DH 05),"00000004125284843000	",Nee,30-11-2017,Actief
Logius (DigiD),"00000004166909913000	",Nee,30-11-2017,Actief
Logius (DigiD Machtigen),"00000004151027202000	",Nee,27-03-2018,Actief
Logius (Digilevering Integrator),"00000004194049711000	",Nee,24-08-2017,Actief
Logius (GBO),"00000004003214345001	",Ja,11-12-2009,Actief
Logius (MijnOverheid),"00000002822477348001	",Nee,15-02-2017,Actief
Logius (PIP/ICTU),"00000002003214345001	",Nee,06-01-2009,Actief
Lost Lemon,"00000001817079166000	",Nee,17-03-2011,Ingetrokken
MeerInZicht,"00000001853859176000	",Nee,23-10-2014,Actief
Mijn Overheid voor Ondernemers (MOVO),"00000004194242350000	",Nee,03-04-2018,Actief
Milieuadviesdienst,"00000001810453162000	",Nee,20-05-2010,Actief
Milieudienst IJmond,"00000001807450108000	",Nee,07-02-2013,Actief
Ministerie van Algemene Zaken,"00000001003227376000	",Ja,13-09-2010,Actief
Ministerie van Binnenlandse Zaken en Koninkrijksrelaties,"00000001003214345000	",Ja,21-12-2010,Actief
Ministerie van Buitenlandse Zaken,"00000001003227406000	",Ja,18-11-2010,Actief
Ministerie van Buitenlandse Zaken - 3W,"00000004003227406000	",Nee,17-06-2016,Actief
Ministerie van Defensie,"00000001008078452000	",Ja,17-08-2010,Actief
Ministerie van Defensie - 1GNC,"00000004000000158000	",Ja,20-01-2017,Actief
Ministerie van Defensie – OPS,"00000004000000039000	",Ja,19-11-2010,Actief
Ministerie van Defensie - PARESTO,"00000004000000041000	",Ja,19-11-2010,Actief
Ministerie van Economische Zaken / DGBI - R&I,"00000002003214369001	",Nee,02-11-2015,Actief
Ministerie van Economische Zaken DICTU,"00000004000000149000	",Ja,14-05-2013,Actief
Ministerie van Economische Zaken en Klimaat,"00000001003214369000	",Ja,21-07-2010,Actief
Ministerie van Financien,"00000001003214394000	",Ja,20-12-2010,Actief
Ministerie van Infrastructuur en Milieu (DigiInhuur),"00000004140470400000	",Nee,19-09-2017,Actief
Ministerie van Infrastructuur en Milieu (LVO - Departement),"00000001003214321000	",Ja,29-12-2008,Actief
Ministerie van Justitie en Veiligheid,"00000001003214436000	",Ja,30-12-2008,Actief
"Ministerie van Landbouw, Natuur en Voedselkwaliteit","00000001858272854000	",Ja,08-01-2018,Actief
Ministerie van LNV,"00000001003166946000	",Nee,21-10-2009,Ingetrokken
"Ministerie van Onderwijs, Cultuur en Wetenschap","00000001003214400000	",Ja,26-11-2015,Actief
Ministerie van Sociale Zaken en Werkgelegenheid,"00000001003227522000	",Ja,27-01-2010,Actief
Ministerie van Veiligheid en Justitie (Departement): Detentiecentrum Alphen aan den Rijn,"00000004000000123000	",Nee,19-07-2012,Ingetrokken
Ministerie van Veiligheid en Justitie (Departement): DJI / Land. Dienst. Centraal,"00000004000000137000	",Nee,19-07-2012,Ingetrokken
Ministerie van Veiligheid en Justitie (Departement): Justitiële Jeugdinrichting De Hunnerberg,"00000004000000118000	",Nee,19-07-2012,Ingetrokken
Ministerie van Veiligheid en Justitie (Departement): Justitiële Jeugdinrichting Den Hey-Acker,"00000004000000119000	",Nee,19-07-2012,Ingetrokken
Ministerie van Veiligheid en Justitie (Departement): Penitentiaire Inrichtingen Amsterdam,"00000004000000105000	",Nee,19-07-2012,Ingetrokken
Ministerie van Veiligheid en Justitie (Departement): Penitentiaire Inrichtingen Amsterdam Over Amstel,"00000004000000106000	",Nee,19-07-2012,Ingetrokken
Ministerie van Veiligheid en Justitie (Departement): Penitentiaire Inrichtingen Breda,"00000004000000092000	",Nee,19-07-2012,Ingetrokken
Ministerie van Veiligheid en Justitie (Departement): Penitentiaire Inrichtingen Haarlem,"00000004000000096000	",Nee,19-07-2012,Ingetrokken
Ministerie van Veiligheid en Justitie (Departement): Penitentiaire Inrichtingen Hoogeveen,"00000004000000098000	",Nee,19-07-2012,Ingetrokken
Ministerie van Veiligheid en Justitie (Departement): Rijksinrichting voor Jongens De Hartelborgt,"00000004000000117000	",Nee,19-07-2012,Ingetrokken
Ministerie van Veiligheid en Justitie (Departement): Rijksjeugdinrichting Heuvelrug,"00000004000000116000	",Nee,19-07-2012,Ingetrokken
Ministerie van Veiligheid en Justitie (Departement): Uitzetcentrum Rotterdam,"00000004000000127000	",Nee,19-07-2012,Ingetrokken
Ministerie van Veiligheid en Justitie (Departement): Vergadercentrum Nieuwersluis,"00000004000000141000	",Nee,19-07-2012,Ingetrokken
Ministerie van Verkeer en Waterstaat,"00000001003214412000	",Nee,20-01-2010,Ingetrokken
"Ministerie van Volksgezondheid, welzijn en sport","00000002003182447001	",Ja,12-11-2010,Actief
Ministerie van VWS/Regelhulp,"00000001003182447000	",Nee,10-11-2009,Ingetrokken
MOgroep Jeugdzorg,"00000001009157827000	",Nee,30-12-2008,Ingetrokken
Motion10 B.V.,"00000003244368900000	",Nee,14-12-2017,Actief
Munitax,"00000004001094920000	",Nee,19-05-2016,Actief
Nationaal Archief,"00000001822312888000	",Ja,10-09-2015,Actief
Nationale Ombudsman,"00000001815051748000	",Nee,14-12-2017,Actief
Nederlands Bureau Brandweerexamens,"00000001809552863000	",Nee,19-08-2011,Ingetrokken
Nederlandse Emissie Autoriteit,"00000004000000017000	",Ja,04-11-2010,Actief
Nederlandse Mededingingsautoriteit,"00000004000000035000	",Nee,09-11-2010,Actief
Nederlandse Orde van Advocaten,"00000001002872833000	",Nee,25-11-2009,Actief
Nederlandse Organisatie voor Toegepast Natuurwetenschappelijk Onderzoek,"00000001002875718000	",Nee,22-06-2009,Actief
Nederlandse Taalunie,"00000001007480283000	",Nee,24-01-2017,Actief
Nederlandse Voedsel en Waren Autoriteit,"00000001001932779000	",Ja,20-06-2013,Actief
Nederlands Forensisch Instituut,"00000004000000011000	",Ja,05-10-2010,Actief
Nederlands Register Gerechtelijk Deskundigen,"00000004000000081000	",Ja,28-02-2012,Actief
Ned. Instituut voor Forensische Psychiatrie en Psychologie,"00000004000000130000	",Ja,19-07-2012,Actief
Nieuwland Automatisering BV,"00000001813901492000	",Nee,10-11-2010,Ingetrokken
Nieuw Land Erfgoedcentrum,"00000001812824696000	",Nee,04-07-2016,Actief
Noaberkracht Dinkelland Tubbergen,"00000001852070706000	",Nee,11-11-2014,Actief
Noordelijk Belastingkantoor,"00000001857787573000	",Nee,17-10-2017,Actief
NovoGov,"00000001820686049000	",Nee,06-04-2010,Ingetrokken
OD Flevoland & Gooi en Vechtstreek,"00000001851798615000	",Nee,05-12-2012,Actief
Omgevingsdienst Achterhoek,"00000001852497933000	",Nee,23-04-2015,Actief
Omgevingsdienst Brabant Noord,"00000001806381176000	",Nee,07-07-2015,Actief
Omgevingsdienst de Vallei,"00000001852282229000	",Nee,19-07-2013,Actief
Omgevingsdienst Groningen,"00000001853026786000	",Nee,12-02-2016,Actief
Omgevingsdienst Haaglanden,"00000001851972299000	",Nee,31-10-2013,Actief
Omgevingsdienst IJsselland,"00000001857287722000	",Nee,01-12-2017,Actief
Omgevingsdienst Midden-Holland,"00000001851672620000	",Nee,14-12-2012,Actief
Omgevingsdienst Noord-Veluwe,"00000001852187877000	",Nee,30-09-2016,Actief
Omgevingsdienst Noordzeekanaalgebied,"00000001852391821000	",Nee,16-07-2014,Actief
Omgevingsdienst Regio Arnhem,"00000001852452998000	",Nee,05-03-2013,Actief
Omgevingsdienst Regio Nijmegen (ODRN),"00000001852234673000	",Nee,10-10-2016,Actief
Omgevingsdienst Rivierenland,"00000001852132104000	",Nee,15-01-2013,Actief
Omgevingsdienst West-Holland,"00000001809403407000	",Nee,29-09-2016,Actief
Omgevingsdienst Zuid-Holland Zuid,"00000001823289552000	",Nee,30-10-2014,Actief
Omgevingsdienst Zuidoost-Brabant,"00000001852462578000	",Nee,13-07-2015,Actief
Onafhankelijke Post en Telecom Autoriteit,"00000001805629336000	",Nee,01-07-2011,Ingetrokken
Openbaar Ministerie,"00000004000000034000	",Ja,18-11-2010,Actief
Open Universiteit Nederland,"00000001007381955000	",Nee,31-05-2011,Actief
Opleidingsinstituut Dienst Justitiële Inrichtingen,"00000004000000131000	",Ja,19-07-2012,Actief
Oracle Nederland BV,"00000001007303907000	",Nee,28-10-2010,Ingetrokken
Orionis Walcheren,"00000001823540388000	",Nee,25-06-2013,Actief
Parkstad Limburg GBRD,"00000001007379936000	",Nee,25-03-2013,Actief
P-Direkt,"00000004000000058000	",Ja,24-12-2010,Actief
Penitentiaire Inrichting Achterhoek,"00000004000000087000	",Ja,19-07-2012,Actief
Penitentiaire Inrichting Almelo,"00000004000000088000	",Ja,19-07-2012,Actief
Penitentiaire Inrichting Almere,"00000004000000089000	",Ja,19-07-2012,Actief
Penitentiaire Inrichting Arnhem,"00000004000000091000	",Ja,19-07-2012,Actief
Penitentiaire Inrichting Dordrecht,"00000004000000093000	",Ja,19-07-2012,Actief
Penitentiaire Inrichting Grave,"00000004000000094000	",Ja,19-07-2012,Actief
Penitentiaire Inrichting Haaglanden,"00000004000000095000	",Ja,19-07-2012,Actief
Penitentiaire Inrichting Heerhugowaard,"00000004000000097000	",Ja,19-07-2012,Actief
Penitentiaire Inrichting Krimpen aan den IJssel,"00000004000000099000	",Ja,19-07-2012,Actief
Penitentiaire Inrichting Leeuwarden,"00000004000000100000	",Ja,19-07-2012,Actief
Penitentiaire Inrichting Lelystad,"00000004000000101000	",Ja,19-07-2012,Actief
Penitentiaire Inrichting Middelburg,"00000004000000103000	",Ja,19-07-2012,Actief
Penitentiaire Inrichting Nieuwegein,"00000004000000104000	",Ja,19-07-2012,Actief
Penitentiaire Inrichting Rotterdam,"00000004000000107000	",Ja,19-07-2012,Actief
Penitentiaire Inrichting Sittard,"00000004000000102000	",Ja,19-07-2012,Actief
Penitentiaire Inrichting Ter Apel,"00000004000000108000	",Ja,19-07-2012,Actief
Penitentiaire Inrichting Tilburg,"00000004000000109000	",Ja,19-07-2012,Actief
Penitentiaire Inrichting Utrecht,"00000004000000110000	",Ja,19-07-2012,Actief
Penitentiaire Inrichting Veenhuizen,"00000004000000111000	",Ja,19-07-2012,Actief
Penitentiaire Inrichting Vught,"00000004000000112000	",Ja,19-07-2012,Actief
Penitentiaire Inrichting Zuid-Oost,"00000004000000115000	",Ja,19-07-2012,Actief
Penitentiaire Inrichting Zwaag,"00000004000000113000	",Ja,19-07-2012,Actief
Penitentiaire Inrichting Zwolle,"00000004000000114000	",Ja,19-07-2012,Actief
PinkRoccade Local Government B.V.,"00000001819697461000	",Nee,16-03-2010,Ingetrokken
PinkRoccade Local Government B.V.,"00000003273229750000	",Nee,19-10-2017,Actief
Planbureau voor de Leefomgeving,"00000001822550556000	",Ja,13-01-2014,Actief
PlusTeam,"00000001854574773000	",Nee,28-10-2015,Actief
Politie,"00000001816076790000	",Nee,05-03-2009,Actief
Programmaministerie Jeugd en Gezin - Verwijsindex,"00000002006756402001	",Nee,30-12-2008,Actief
Provincie Drenthe,"00000001001587924000	",Nee,09-02-2012,Actief
Provincie Flevoland,"00000001006203243000	",Nee,12-01-2009,Actief
Provincie Fryslan,"00000001001032823000	",Nee,30-12-2008,Actief
Provincie Gelderland,"00000001001825100000	",Nee,06-01-2009,Actief
Provincie Groningen,"00000001001932822000	",Nee,29-12-2008,Actief
Provincie Limburg,"00000001001737430000	",Nee,10-01-2012,Actief
Provincie Noord Brabant,"00000001009261606000	",Nee,01-09-2009,Actief
Provincie Noord-Holland,"00000001001003124000	",Nee,08-07-2013,Actief
Provincie Overijssel,"00000001001900328000	",Nee,20-04-2009,Actief
Provincie Utrecht,"00000001001797864000	",Nee,19-11-2013,Actief
Provincie Zeeland,"00000001001710230000	",Nee,24-01-2012,Actief
Provincie Zuid-Holland,"00000001002306608000	",Nee,22-12-2011,Actief
Q B.V.,"00000003699469570000	",Ja,15-11-2017,Actief
Quovadis,"00000001819097950000	",Nee,08-09-2011,Ingetrokken
Raad van State,"00000001815051037000	",Nee,26-01-2015,Actief
Raad voor de Kinderbescherming,"00000002003214436001	",Ja,29-12-2008,Actief
Raad voor Rechtsbijstand,"00000004000000071000	",Nee,03-05-2011,Actief
RDW,"00000001804770694000	",Nee,11-02-2009,Actief
Rechtbank Alkmaar,"00000004000000030000	",Nee,16-11-2010,Ingetrokken
Rechtbank Almelo,"00000004000000022000	",Nee,08-11-2010,Ingetrokken
Rechtbank Amsterdam,"00000004000000025000	",Ja,11-11-2010,Actief
Rechtbank Arnhem,"00000004000000063000	",Nee,29-12-2010,Ingetrokken
Rechtbank Assen,"00000004000000019000	",Nee,08-11-2010,Ingetrokken
Rechtbank Breda,"00000004000000065000	",Nee,29-12-2010,Ingetrokken
Rechtbank Den Haag,"00000004000000055000	",Ja,10-12-2010,Actief
Rechtbank Dordrecht,"00000004000000029000	",Nee,12-11-2010,Ingetrokken
Rechtbank Gelderland,"00000004000000150000	",Ja,22-05-2013,Actief
Rechtbank Groningen,"00000004000000020000	",Nee,08-11-2010,Ingetrokken
Rechtbank Haarlem,"00000004000000031000	",Nee,16-11-2010,Ingetrokken
Rechtbank Leeuwarden,"00000004000000067000	",Nee,21-12-2010,Ingetrokken
Rechtbank Limburg,"00000004000000146000	",Ja,25-07-2012,Actief
Rechtbank Maastricht,"00000004000000060000	",Nee,22-12-2010,Ingetrokken
Rechtbank Middelburg,"00000004000000023000	",Nee,03-11-2010,Ingetrokken
Rechtbank Midden-Nederland,"00000004000000033000	",Ja,16-11-2010,Actief
Rechtbank Noord-Holland,"00000004000000142000	",Ja,24-07-2012,Actief
Rechtbank Noord-Nederland,"00000004000000143000	",Ja,24-07-2012,Actief
Rechtbank Oost-Brabant,"00000004000000032000	",Ja,16-11-2010,Actief
Rechtbank Oost-Nederland,"00000004000000144000	",Nee,24-07-2012,Ingetrokken
Rechtbank Overijssel,"00000004000000151000	",Ja,22-05-2013,Actief
Rechtbank Roermond,"00000004000000028000	",Nee,11-11-2010,Ingetrokken
Rechtbank Rotterdam,"00000004000000027000	",Ja,11-11-2010,Actief
Rechtbank Zeeland - West Brabant,"00000004000000145000	",Ja,25-07-2012,Actief
Rechtbank Zutphen,"00000004000000024000	",Nee,11-11-2010,Ingetrokken
Rechtbank Zwolle-lelystad,"00000004000000026000	",Nee,11-11-2010,Ingetrokken
Regeling Letterhoeke (Tresoar),"00000001810711783000	",Nee,18-05-2016,Actief
Regio Gooi en Vechtstreek,"00000001001937194000	",Nee,27-11-2014,Actief
Regionaal Historisch Centrum Drents Archief,"00000001814487567000	",Nee,23-05-2016,Actief
Regionaal Historisch Centrum Groninger Archieven,"00000001810182440000	",Nee,23-05-2016,Actief
Regionaal Historisch Centrum in Noord-Holland,"00000001815115714000	",Nee,01-04-2016,Actief
Regionaal Historisch Centrum Limburg,"00000001814029450000	",Nee,09-06-2016,Actief
Regionale Belasting Groep,"00000001821671765000	",Nee,16-10-2014,Actief
Regionale Dienst Openbare Gezondheidszorg Hollands Midden,"00000001814990770000	",Nee,09-12-2014,Actief
Regionale Dienst Werk en Inkomen Kromme Rijn Heuvelrug,"00000001815258410000	",Nee,21-06-2013,Actief
Regionale Uitvoeringsdienst Noord-Holland Noord,"00000001852981806000	",Nee,15-11-2013,Actief
Regionale Uitvoeringsdienst Zeeland,"00000001853105510000	",Nee,31-10-2013,Actief
Regiopolitie Groningen,"00000001802144457000	",Nee,03-09-2012,Actief
Regio Twente,"00000001804302285000	",Nee,24-09-2015,Actief
RIEC Zeeland West-Brabant & Oost-Brabant,"00000002001172773001	",Nee,11-04-2016,Actief
Rijksdienst voor het Cultureel Erfgoed,"00000004000000080000	",Nee,29-02-2012,Actief
Rijksdienst voor Identiteitsgegevens (RvIG),"00000001822100824000	",Ja,13-11-2015,Actief
Rijksdienst voor Identiteitsgegevens (RvIG - Alpha),"00000004127194718000	",Nee,07-05-2018,Actief
Rijksdienst voor Identiteitsgegevens (RvIG - Beta),"00000004198933077000	",Nee,07-05-2018,Actief
Rijksdienst voor Ondernemend Nederland,"00000004000000006000	",Ja,01-01-2014,Actief
Rijksdienst voor Ondernemend Nederland V&H,"00000004000000156000	",Nee,21-12-2016,Actief
Rijksgebouwendienst,"00000004000000007000	",Nee,14-06-2010,Actief
Rijksinstituut voor Volksgezondheid en Milieu,"00000004000000062000	",Ja,22-12-2010,Actief
Rijks Jeugdinrichting,"00000004000000155000	",Ja,16-12-2016,Actief
Rijksschoonmaakorganisatie,"00000001003227522001	",Ja,01-12-2015,Actief
Rijksvastgoedbedrijf,"00000001856305765000	",Ja,22-06-2016,Actief
Rijksvastgoed- en ontwikkelingsbedrijf,"00000004000000051000	",Nee,30-11-2010,Actief
Rijkswaterstaat,"00000001821699180000	",Ja,23-06-2010,Actief
ROC Friese Poort,"00000003410034980000	",Nee,14-11-2017,Actief
Roxit BV,"00000003050756390000	",Nee,24-11-2011,Ingetrokken
RTP-NL voorziening,"00000004113395749000	",Nee,30-08-2017,Actief
RUD Drenthe,"00000001853234565000	",Nee,26-01-2016,Actief
RUD IJsselland,"00000004001932603001	",Nee,20-09-2016,Actief
RUD (Regionale Uitvoeringsdienst) Utrecht,"00000001853913341000	",Nee,13-04-2018,Actief
RVO - Beheer Projecten,"00000004000000166000	",Nee,31-05-2017,Actief
RVO - Beleidsgelden,"00000004000000160000	",Nee,30-05-2017,Actief
RVO - Bouw Den Haag,"00000004000000167000	",Nee,31-05-2017,Actief
RVO - Bouw Roermond,"00000004000000168000	",Nee,31-05-2017,Actief
RVO - Bouw Utrecht,"00000004000000159000	",Nee,30-05-2017,Actief
RVO - Bouw Utrecht Facturen,"00000004114202890000	",Ja,16-01-2018,Actief
RVO - Business Development Coaches,"00000004163662142000	",Ja,06-04-2018,Actief
RVO - DGGF TA,"00000004150616283000	",Ja,07-05-2018,Actief
RVO - Dienstverlening Internationale Organisatie,"00000004119353466000	",Ja,06-04-2018,Actief
RVO - Drive,"00000004122297153000	",Ja,12-04-2018,Actief
RVO - Energie,"00000004000000163000	",Nee,30-05-2017,Actief
RVO - EPRM,"00000004197469018000	",Ja,13-04-2018,Actief
RVO - Evenementen BAS,"00000004142906953000	",Ja,06-04-2018,Actief
RVO - IAF Utrecht,"00000004182286204000	",Nee,12-04-2018,Actief
RVO - In beslag genomen goederen,"00000004000000164000	",Nee,30-05-2017,Actief
RVO - Industrie Agro en Financiering,"00000004000000165000	",Nee,30-05-2017,Actief
RVO - Internationalisering Sport,"00000004156340195000	",Ja,04-04-2018,Actief
RVO - Kerngids 1,"00000004133867942000	",Ja,13-04-2018,Actief
RVO - Modules Internationaal,"00000004000000172000	",Nee,31-05-2017,Actief
RVO - Mondiale Samenwerking,"00000004000000171000	",Nee,31-05-2017,Actief
RVO - Netherlands Space Office,"00000004000000169000	",Nee,31-05-2017,Actief
RVO - Online Dienstverlening en Communicatie,"00000004171455984000	",Ja,06-04-2018,Actief
RVO - Partners for International Business,"00000004000000162000	",Nee,30-05-2017,Actief
RVO - Partners voor Water,"00000004000000161000	",Nee,30-05-2017,Actief
RVO - PPP's,"00000004144104801000	",Ja,12-04-2018,Actief
RVO - Regeling Stimulering Huisvesting Vergunning,"00000004000000170000	",Nee,31-05-2017,Actief
RVO - SIB,"00000004121276209000	",Ja,04-04-2018,Actief
RVO - SIB Collectieve Activiteiten,"00000004140640068000	",Ja,06-04-2018,Actief
RVO - Transitiefaciliteit,"00000004000000173000	",Nee,31-05-2017,Actief
SaBeWa Zeeland,"00000001852070500000	",Nee,08-12-2014,Actief
Samen Veilig Flevoland,"00000001810358098000	",Nee,29-10-2014,Actief
Samen Veilig Midden Nederland,"00000001002884124000	",Nee,30-10-2014,Actief
Samenwerking A2 gemeenten,"00000001851630315000	",Nee,01-10-2014,Actief
Samenwerkingsorgaan Holland Rijnland,"00000001813768068000	",Nee,05-02-2016,Actief
Samenwerkingsorganisatie De Wolden Hoogeveen,"00000001854377876000	",Nee,17-07-2015,Actief
Samenwerkingsverband De Liemers,"00000001823302490000	",Nee,16-12-2014,Actief
Samenwerkingsverband Welzijnszorg Oosterschelderegio,"00000001801089566000	",Nee,19-01-2016,Actief
Samenwerking Vastgoedinformatie Heffing en Waardebepaling,"00000001812181967000	",Nee,14-10-2014,Actief
Schadefonds Geweldsmisdrijven,"00000001821702622000	",Ja,11-05-2016,Actief
Sectordirectie Forensische Zorg Dienst Justitiële Inrichtingen Den Haag,"00000004000000135000	",Ja,19-07-2012,Actief
SED Organisatie,"00000001854730370000	",Nee,18-11-2016,Actief
Servicepunt71,"00000001850227914000	",Nee,29-04-2014,Actief
Servicepunt Welzijnsinformatie,"00000004000000004000	",Nee,16-06-2009,Actief
Shared Service Center DeSom,"00000001823809572000	",Nee,26-01-2016,Actief
Shared Service Center Dienst Justitiële Inrichtingen,"00000004000000132000	",Ja,19-07-2012,Actief
Shared Service Center ICT Dienst Justitiële Inrichtingen,"00000004000000133000	",Ja,19-07-2012,Actief
Shared Service Centrum ONS,"00000001858117630000	",Nee,20-12-2017,Actief
Sociaal en Cultureel Planbureau,"00000004000000053000	",Ja,07-12-2010,Actief
Sociale Dienst Oost Achterhoek,"00000001821449539000	",Ja,13-04-2018,Actief
Sociale Verzekeringsbank,"00000001002179908000	",Nee,09-01-2009,Actief
Software AG Nederland BV,"00000001008049063000	",Nee,13-04-2010,Ingetrokken
Spir-It,"00000004000000047000	",Ja,29-11-2010,Actief
SSC-ICT,"00000004000000054000	",Ja,09-12-2010,Actief
Staatsbosbeheer,"00000001806511588000	",Nee,03-09-2015,Actief
Staatstoezicht op de Mijnen,"00000004000000016000	",Ja,09-11-2010,Actief
Stg. Tijd. Ondersteuning Jeugdhulp en AMHK Haaglanden STOJAH,"00000001854508934000	",Nee,04-12-2014,Actief
Stichting Blijf Groep,"00000001808740179000	",Nee,07-01-2015,Actief
Stichting Bureau Jeugdzorg AMHK IJsselland,"00000002808844313002	",Nee,05-12-2014,Ingetrokken
Stichting Bureau Jeugdzorg Drenthe (AMHK),"00000002813850782001	",Nee,30-10-2014,Ingetrokken
Stichting Gereformeerde Jeugdbescherming (SGJb),"00000001804560328000	",Nee,30-10-2014,Actief
Stichting 'Hulp en Steun' Buro voor Schuldhulp,"00000001806995324000	",Nee,18-12-2014,Actief
Stichting ICTU,"00000003271987420000	",Nee,16-05-2017,Actief
Stichting Inlichtingenbureau,"00000001810207357000	",Nee,07-05-2013,Actief
Stichting Intervence,"00000001811773644000	",Nee,30-10-2014,Actief
Stichting Jeroen Bosch Ziekenhuis,"00000003410840460000	",Nee,16-03-2018,Actief
Stichting Jeugbescherming Brabant,"00000002811415454001	",Nee,30-10-2014,Actief
Stichting Jeugdbescherming Noord en Veilig Thuis Groningen,"00000003040759700000	",Nee,27-02-2018,Actief
Stichting Koninklijk Nederlands Instituut voor Onderzoek der Zee (NIOZ),"00000001002966384000	",Nee,23-01-2017,Actief
Stichting Kontext,"00000001805854812000	",Nee,23-12-2014,Actief
Stichting M,"00000001813056755000	",Nee,25-10-2010,Ingetrokken
Stichting Netwerk Gerechtsdeurwaarders,"00000001803680156000	",Nee,16-08-2010,Actief
Stichting Nidos,"00000001810264481000	",Nee,31-10-2014,Actief
Stichting Nordwin College,"00000003410037110000	",Nee,27-11-2017,Actief
Stichting Pensioenfonds ABP,"00000001002270857000	",Nee,13-01-2016,Actief
Stichting Regiecentrum Bescherming en Veiligheid,"00000001811910544000	",Nee,29-10-2014,Actief
Stichting Regiecentrum Bescherming en Veiligheid - Veilig Thuis,"00000002811910544001	",Nee,07-11-2014,Actief
Stichting Rinis,"00000001805544434000	",Nee,05-01-2010,Actief
Stichting Slachtofferhulp Nederland,"00000001007083956000	",Nee,07-01-2015,Actief
Stichting Studielink,"00000001817922593000	",Nee,02-07-2015,Actief
Stichting SVB-BGT,"00000001853935609000	",Nee,06-11-2014,Actief
Stichting Veilig Thuis Kennemerland,"00000001855727317000	",Nee,04-12-2015,Actief
Stichting Veilig Thuis Midden-Brabant,"00000001855831054000	",Nee,25-01-2016,Actief
Stichting Waternet,"00000003412165930000	",Nee,23-07-2014,Actief
Stroomopwaarts MVS,"00000001855010496000	",Nee,17-05-2017,Actief
Studiecentrum Rechtspleging,"00000004000000073000	",Ja,01-06-2011,Actief
SWW-gemeenten,"00000001855700191000	",Nee,18-12-2015,Actief
Syntrophos,"00000001852523920000	",Nee,29-08-2014,Actief
The Bank of New York Mellon SA/NV,"00000008824307069000	",Nee,13-03-2017,Actief
Toeslagen Aanvragen B.V.,"00000003635329800000	",Nee,30-01-2018,Actief
Tribuut Belastingsamenwerking,"00000001824173090000	",Nee,04-01-2016,Actief
T&T Compet&t.b.v.,"00000001007563759000	",Nee,02-09-2009,Ingetrokken
Tweede Kamer der Staten-Generaal,"00000002813512979000	",Nee,19-08-2015,Actief
Uitvoeringsinstituut Werknemersverzekeringen (UWV),"00000001810220350000	",Nee,08-07-2009,Actief
Uitvoeringsorganisatie Baanbrekers,"00000004003067889001	",Nee,22-09-2016,Actief
Uitvoeringsorganisatie Bedrijfsvoering Rijk (UBR),"00000004000000059000	",Ja,24-12-2010,Actief
VAT4U GmbH,"00000008824307732000	",Nee,21-08-2017,Actief
Veiligheidsregio Brabant-Noord,"00000001001160837000	",Nee,27-11-2017,Actief
Veiligheidsregio Brabant Zuidoost,"00000001001902726000	",Nee,25-08-2016,Actief
Veiligheidsregio Fryslân,"00000001817371072000	",Nee,02-11-2017,Actief
Veiligheidsregio Haaglanden,"00000001803316732000	",Nee,07-01-2014,Actief
Veiligheidsregio IJsselland,"00000001820191164000	",Nee,05-11-2009,Actief
Veiligheidsregio Limburg Noord,"00000001810240245000	",Nee,27-04-2010,Actief
Veiligheidsregio Utrecht,"00000001811197955000	",Nee,13-01-2017,Actief
Veiligheidsregio Zuid-Holland Zuid,"00000001821612426000	",Ja,06-04-2018,Actief
Veilig Thuis Drenthe,"00000001810690457000	",Nee,16-12-2014,Actief
Veilig Thuis Gelderland Midden,"00000002802611266001	",Nee,25-11-2014,Actief
Veilig Thuis Gelderland Noord en Oost,"00000002802611266002	",Nee,16-12-2014,Actief
Veilig Thuis Gelderland Zuid,"00000001800334930000	",Nee,15-12-2014,Actief
Veilig Thuis Noord-Holland Noord,"00000002817205767001	",Nee,22-12-2014,Actief
Veilig Thuis Rotterdam Rijnmond,"00000002811215878001	",Nee,29-12-2014,Actief
Veilig Thuis West-Brabant,"00000001854633613000	",Nee,16-12-2014,Actief
Vereniging Gelders Genootschap,"00000001002620339000	",Nee,05-08-2010,Actief
visie Vreemdelingenbewaring Dienst Justitiële Inrichtingen,"00000004000000138000	",Ja,19-07-2012,Actief
VROM-Inspectie,"00000004000000013000	",Nee,07-10-2010,Ingetrokken
Waarderingskamer,"00000001803577059000	",Nee,31-03-2009,Actief
Waterschap Aa en Maas,"00000001812296473000	",Nee,20-10-2011,Actief
Waterschap Brabantse Delta,"00000001812566762000	",Nee,23-07-2014,Actief
Waterschap De Dommel,"00000001001708971000	",Nee,15-03-2012,Actief
Waterschap Drents Overijsselse Delta,"00000001855566036000	",Nee,04-02-2016,Actief
Waterschap Groot Salland,"00000001805145953000	",Nee,24-07-2014,Actief
Waterschap Hollandse Delta,"00000001813361576000	",Nee,18-02-2014,Actief
Waterschap Hunze en Aa's,"00000001808393029000	",Nee,02-12-2013,Actief
Waterschap Limburg,"00000001857127858000	",Nee,11-01-2017,Actief
Waterschap Noorderzijlvest,"00000001808174071000	",Nee,26-08-2014,Actief
Waterschap Peel en Maasvallei,"00000001802305556000	",Nee,15-12-2014,Actief
Waterschap Reest en Wieden,"00000001808373894000	",Nee,23-07-2014,Actief
Waterschap Regge en Dinkel,"00000001001584224000	",Nee,10-06-2009,Ingetrokken
Waterschap Rijn en Ijssel,"00000001805432759000	",Nee,20-03-2013,Actief
Waterschap Rivierenland,"00000001810912314000	",Nee,26-05-2010,Actief
Waterschap Roer en Overmaas,"00000001812361155000	",Nee,26-03-2013,Actief
Waterschap Scheldestromen,"00000001850108275000	",Nee,17-05-2013,Actief
Waterschap Vallei & Veluwe,"00000001852310274000	",Nee,30-07-2014,Actief
Waterschap Vechtstromen,"00000001853261179000	",Nee,17-12-2013,Actief
Waterschap Velt en Vecht,"00000001808243408000	",Nee,07-10-2009,Ingetrokken
Waterschap Zuiderzeeland,"00000003321640840000	",Nee,13-06-2014,Actief
Werk en Inkomen Hoeksche Waard,"00000001812663214000	",Nee,21-08-2013,Actief
Werkmaatschappij 8KTD,"00000001854108129000	",Nee,08-05-2017,Actief
Werkorganisatie DEAL-gemeenten,"00000001823331490000	",Nee,02-11-2016,Actief
Werkorganisatie Duivenvoorde,"00000001823662330000	",Nee,27-11-2014,Actief
"Werkorganisatie gemeenten Cuijk, Grave, Mill en Sint Hubert","00000001853370400000	",Nee,20-06-2014,Actief
Werkorganisatie HLT Samen,"00000001824347547000	",Nee,27-12-2017,Actief
Werkorganisatie Voorne,"00000001858764532000	",Ja,09-05-2018,Actief
Werkplein Drentsche Aa,"00000001814380037000	",Ja,30-01-2018,Actief
Werkplein Fivelingo,"00000001001220421000	",Nee,14-06-2017,Actief
WerkSaam Westfriesland,"00000001001516735000	",Nee,26-11-2014,Actief
Wetterskip Fryslan,"00000001812535303000	",Nee,21-03-2014,Actief
WSG Amsterdam,"00000001812832851000	",Nee,30-10-2014,Actief
Zeeuws Archief,"00000001808907189000	",Nee,09-09-2016,Actief
Zorginstituut Nederland,"00000001001900584000	",Nee,07-12-2010,Actief
